phase,flux_fitted
-0.017332567534580096,1.0
-0.01729226242556346,1.0
-0.01725195731654682,1.0
-0.01721165220753018,1.0
-0.01717134717990167,1.0
-0.01713104207088503,1.0
-0.017090736961868393,1.0
-0.017050431852851752,1.0
-0.017010126743835115,1.0
-0.016969821634818475,1.0
-0.016929516525801838,1.0
-0.016889211498173327,1.0
-0.016848906389156686,1.0
-0.01680860128014005,1.0
-0.01676829617112341,1.0
-0.016727991062106772,1.0
-0.016687685953090132,1.0
-0.016647380844073495,1.0
-0.016607075735056855,1.0
-0.016566770707428343,1.0
-0.016526465598411706,1.0
-0.016486160489395066,1.0
-0.01644585538037843,1.0
-0.01640555027136179,1.0
-0.01636524516234515,1.0
-0.01632494005332851,1.0
-0.0162846350257,1.0
-0.016244329916683363,1.0
-0.016204024807666723,1.0
-0.016163719698650086,1.0
-0.016123414589633445,1.0
-0.01608310948061681,1.0
-0.016042804371600168,1.0
-0.016002499343971657,1.0
-0.01596219423495502,1.0
-0.01592188912593838,1.0
-0.015881584016921742,1.0
-0.015841278907905102,1.0
-0.015800973798888465,1.0
-0.015760668689871825,1.0
-0.015720363662243313,1.0
-0.015680058553226676,1.0
-0.015639753444210036,1.0
-0.0155994483351934,1.0
-0.01555914322617676,1.0
-0.015518838117160122,1.0
-0.015478533008143483,1.0
-0.015438227899126845,1.0
-0.015397922871498331,1.0
-0.015357617762481693,1.0
-0.015317312653465056,1.0
-0.015277007544448417,1.0
-0.015236702435431779,1.0
-0.01519639732641514,1.0
-0.015156092217398501,1.0
-0.015115787189769988,1.0
-0.01507548208075335,1.0
-0.015035176971736713,1.0
-0.014994871862720074,1.0
-0.014954566753703435,1.0
-0.014914261644686797,1.0
-0.014873956535670158,1.0
-0.014833651508041645,1.0
-0.014793346399025006,1.0
-0.01475304129000837,1.0
-0.01471273618099173,1.0
-0.014672431071975092,1.0
-0.014632125962958454,1.0
-0.014591820853941815,1.0
-0.014551515826313302,1.0
-0.014511210717296663,1.0
-0.014470905608280026,1.0
-0.014430600499263388,1.0
-0.014390295390246749,1.0
-0.01434999028123011,1.0
-0.014309685172213472,1.0
-0.014269380063196833,1.0
-0.01422907503556832,1.0
-0.014188769926551683,1.0
-0.014148464817535044,1.0
-0.014108159708518406,1.0
-0.014067854599501767,1.0
-0.014027549490485128,1.0
-0.01398724438146849,1.0
-0.013946939353839977,1.0
-0.01390663424482334,1.0
-0.013866329135806701,1.0
-0.013826024026790062,1.0
-0.013785718917773424,1.0
-0.013745413808756785,1.0
-0.013705108699740147,1.0
-0.013664803672111633,1.0
-0.013624498563094996,1.0
-0.013584193454078358,1.0
-0.01354388834506172,1.0
-0.01350358323604508,1.0
-0.013463278127028442,1.0
-0.013422973018011803,1.0
-0.01338266799038329,1.0
-0.013342362881366653,1.0
-0.013302057772350015,1.0
-0.013261752663333376,1.0
-0.013221447554316737,1.0
-0.013181142445300099,1.0
-0.01314083733628346,1.0
-0.013100532308654947,1.0
-0.01306022719963831,1.0
-0.013019922090621671,1.0
-0.012979616981605033,1.0
-0.012939311872588394,1.0
-0.012899006763571755,1.0
-0.012858701654555117,1.0
-0.012818396545538478,1.0
-0.012778091517909965,1.0
-0.012737786408893328,1.0
-0.01269748129987669,1.0
-0.012657176190860051,1.0
-0.012616871081843412,1.0
-0.012576565972826774,1.0
-0.012536260863810135,1.0
-0.012495955836181622,1.0
-0.012455650727164985,1.0
-0.012415345618148346,1.0
-0.012375040509131708,1.0
-0.012334735400115069,1.0
-0.01229443029109843,1.0
-0.012254125182081792,1.0
-0.012213820154453279,1.0
-0.012173515045436642,1.0
-0.012133209936420003,1.0
-0.012092904827403364,1.0
-0.012052599718386726,1.0
-0.012012294609370087,1.0
-0.011971989500353448,1.0
-0.011931684472724935,1.0
-0.011891379363708298,1.0
-0.01185107425469166,1.0
-0.011810769145675021,1.0
-0.011770464036658383,1.0
-0.011730158927641744,1.0
-0.011689853818625105,1.0
-0.011649548709608467,1.0
-0.011609243681979955,1.0
-0.011568938572963317,1.0
-0.011528633463946678,1.0
-0.01148832835493004,1.0
-0.0114480232459134,1.0
-0.011407718136896762,1.0
-0.011367413027880123,1.0
-0.011327108000251612,1.0
-0.011286802891234973,1.0
-0.011246497782218335,1.0
-0.011206192673201696,1.0
-0.011165887564185057,1.0
-0.011125582455168419,1.0
-0.01108527734615178,1.0
-0.011044972318523269,1.0
-0.01100466720950663,1.0
-0.010964362100489991,1.0
-0.010924056991473353,1.0
-0.010883751882456714,1.0
-0.010843446773440076,1.0
-0.010803141664423437,1.0
-0.010762836636794925,1.0
-0.010722531527778287,1.0
-0.010682226418761648,1.0
-0.01064192130974501,1.0
-0.010601616200728371,1.0
-0.010561311091711732,1.0
-0.010521005982695094,1.0
-0.010480700873678455,1.0
-0.010440395846049944,1.0
-0.010400090737033305,1.0
-0.010359785628016666,1.0
-0.010319480519000028,1.0
-0.010279175409983389,1.0
-0.01023887030096675,1.0
-0.010198565191950112,1.0
-0.0101582601643216,1.0
-0.010117955055304962,1.0
-0.010077649946288323,1.0
-0.010037344837271684,0.9999833999596909
-0.009997039728255046,0.9999252442987718
-0.009956734619238407,0.9998408545973886
-0.009916429510221769,0.9997352415510741
-0.009876124482593257,0.9996112014589466
-0.009835819373576618,0.999470522952
-0.00979551426455998,0.9993147114198785
-0.009755209155543341,0.9991447736367558
-0.009714904046526703,0.998961670859628
-0.009674598937510064,0.9987661978307639
-0.009634293828493425,0.9985590488594676
-0.009593988800864914,0.998340843088061
-0.009553683691848275,0.9981121396042217
-0.009513378582831637,0.9978734522192894
-0.009473073473814998,0.9976252567048146
-0.00943276836479836,0.9973679979562456
-0.00939246325578172,0.9971020948577279
-0.009352158146765082,0.996827910963734
-0.009311853037748443,0.9965458914477586
-0.009271548010119932,0.9962564406584615
-0.009231242901103293,0.9959598548988788
-0.009190937792086655,0.9956564403471452
-0.009150632683070016,0.9953466150678244
-0.009110327574053377,0.9950307369757462
-0.009070022465036739,0.9947090500464713
-0.0090297173560201,0.9943818736973562
-0.008989412328391589,0.9940496579936577
-0.00894910721937495,0.9937125703304345
-0.008908802110358311,0.993371003069109
-0.008868497001341673,0.9930253135831201
-0.008828191892325034,0.9926756716187047
-0.008787886783308396,0.992322601364025
-0.008747581674291757,0.9919662713270105
-0.008707276646663245,0.9916070414135343
-0.008666971537646607,0.9912453090611707
-0.008626666428629968,0.9908812562816378
-0.00858636131961333,0.9905154330012731
-0.008546056210596691,0.9901479592650103
-0.008505751101580052,0.9897794157741222
-0.008465445992563414,0.989409952446045
-0.008425140964934902,0.9890401336022936
-0.008384835855918264,0.9886701761124121
-0.008344530746901625,0.9883006232990698
-0.008304225637884986,0.9879317599170405
-0.008263920528868348,0.987564134197079
-0.008223615419851709,0.9871980787874639
-0.00818331031083507,0.9868341854796175
-0.008143005201818432,0.9864728180810063
-0.00810270017418992,0.9861146479087665
-0.008062395065173282,0.9857600680991102
-0.008022089956156643,0.9854098527736991
-0.007981784847140004,0.9850644545877049
-0.007941479738123366,0.9847247604329282
-0.007901174629106727,0.9843913458452778
-0.007860869520090089,0.9840652141218423
-0.007820564492461577,0.9837471660325219
-0.0077802593834449384,0.9834383609111196
-0.0077399542744283,0.983140005072352
-0.007699649165411661,0.9828535370564406
-0.0076593440563950226,0.9825808428830787
-0.007619038947378385,0.9823241417571695
-0.007578733838361746,0.9820867834994187
-0.007538428810733234,0.9818739048019337
-0.007498123701716595,0.9816985809839326
-0.0074578185926999566,0.9815720176233942
-0.007417513483683318,0.9814537816274573
-0.007377208374666679,0.9813413483233613
-0.0073369032656500415,0.9812336437569824
-0.007296598156633403,0.9811299836560202
-0.00725629312900489,0.98102987422882
-0.007215988019988252,0.9809329480695246
-0.007175682910971613,0.9808389227595663
-0.007135377801954975,0.9807475703886306
-0.007095072692938336,0.980658705379328
-0.007054767583921698,0.9805721061331755
-0.00701446247490506,0.9804876669089387
-0.0069741574472765465,0.9804052728904764
-0.006933852338259909,0.980324746129098
-0.00689354722924327,0.9802460772384294
-0.0068532421202266314,0.9801690684754432
-0.006812937011209993,0.9800937412403011
-0.006772631902193355,0.9800199404450466
-0.006732326793176716,0.9799476437867458
-0.006692021684160078,0.9798767990610221
-0.0066517166565315654,0.979807273621538
-0.006611411547514927,0.9797391157475651
-0.006571106438498288,0.9796722043079333
-0.00653080132948165,0.9796064977215213
-0.006490496220465012,0.9795420134899602
-0.006450191111448373,0.9794786473212148
-0.0064098860024317346,0.979416358148876
-0.006369580974803222,0.9793551729865897
-0.006329275865786584,0.9792950459147668
-0.006288970756769945,0.9792358459358063
-0.006248665647753306,0.9791776525627579
-0.0062083605387366686,0.9791204360108064
-0.00616805542972003,0.9790641345633349
-0.006127750320703391,0.9790086755527432
-0.006087445293074879,0.9789541155503305
-0.00604714018405824,0.9789004301701129
-0.006006835075041602,0.9788475945854462
-0.005966529966024963,0.9787954837549286
-0.005926224857008325,0.978744184810093
-0.005885919747991687,0.9786936772467782
-0.005845614638975048,0.9786439432412779
-0.005805309611346536,0.9785949403796964
-0.005765004502329897,0.9785465967302964
-0.0057246993933132585,0.9784989759782798
-0.00568439428429662,0.978452061725682
-0.005644089175279982,0.9784058392071346
-0.0056037840662633434,0.9783602996386256
-0.005563478957246705,0.9783153340058739
-0.005523173848230066,0.9782710067422794
-0.005482868820601554,0.9782273175335544
-0.005442563711584915,0.9781842534651488
-0.005402258602568277,0.9781418031803707
-0.005361953493551639,0.9780999594609953
-0.005321648384535,0.9780586367209201
-0.005281343275518362,0.9780178708015606
-0.005241038166501723,0.9779776758448229
-0.005200733138873211,0.9779380416034217
-0.005160428029856572,0.9778989582344266
-0.005120122920839933,0.9778604173070619
-0.005079817811823295,0.9778224144939045
-0.005039512702806657,0.977784864766449
-0.004999207593790018,0.977747813661028
-0.00495890248477338,0.9777112709978709
-0.004918597457144867,0.9776752286600038
-0.004878292348128229,0.9776396787010938
-0.00483798723911159,0.977604613946715
-0.0047976821300949515,0.9775700282426851
-0.004757377021078314,0.9775359197955167
-0.004717071912061675,0.9775022016282745
-0.0046767668030450365,0.9774689321907316
-0.004636461775416524,0.9774361149081288
-0.0045961566663998855,0.9774037432316888
-0.004555851557383247,0.9773718110584372
-0.004515546448366608,0.9773403125209892
-0.0044752413393499705,0.9773092421964978
-0.004434936230333332,0.9772785955453237
-0.004394631121316693,0.9772483712342936
-0.004354326012300055,0.977218498750937
-0.004314020984671542,0.9771890178376966
-0.004273715875654904,0.9771599394545866
-0.004233410766638265,0.9771312586756223
-0.004193105657621627,0.9771029706739505
-0.004152800548604989,0.9770750707983085
-0.00411249543958835,0.9770475546094162
-0.004072190330571711,0.9770204179640322
-0.004031885302943199,0.9769936572925608
-0.00399158019392656,0.9769672702070457
-0.003951275084909922,0.9769412322760341
-0.003910969975893284,0.9769155096420246
-0.0038706648668766453,0.9768901470031743
-0.0038303597578600067,0.97686514051458
-0.0037900546488433685,0.9768404864363203
-0.0037497496212148557,0.976816181185395
-0.003709444512198217,0.9767922211473611
-0.003669139403181579,0.9767686029855618
-0.0036288342941649403,0.9767453234742505
-0.003588529185148302,0.9767223796137595
-0.0035482240761316635,0.9766997687955297
-0.0035079189671150253,0.9766774893535974
-0.0034676139394865125,0.9766555304843241
-0.003427308830469874,0.976633842392165
-0.0033870037214532357,0.9766124753694416
-0.003346698612436597,0.9765914265515617
-0.003306393503419959,0.9765706931455782
-0.0032660883944033202,0.9765502724305574
-0.003225783285386682,0.9765301617590368
-0.0031854781763700434,0.9765103585602144
-0.0031451731487415306,0.97649086038515
-0.0031048680397248924,0.9764716647613632
-0.003064562930708254,0.9764527694510506
-0.0030242578216916156,0.976434172338147
-0.002983952712674977,0.9764158715732861
-0.002943647603658339,0.9763978658842135
-0.0029033424946417,0.9763801562999701
-0.0028630374670131874,0.9763626868918528
-0.002822732357996549,0.976345499397243
-0.0027824272489799106,0.9763285975438903
-0.0027421221399632724,0.9763119793224115
-0.0027018170309466337,0.9762956427724717
-0.002661511921929995,0.9762795859826814
-0.002621206812913357,0.9762638070908677
-0.002580901785284844,0.9762483043159196
-0.002540596676268206,0.9762330758347668
-0.0025002915672515673,0.9762181199731613
-0.002459986458234929,0.9762034350850426
-0.0024196813492182905,0.9761890195931604
-0.002379376240201652,0.9761748720056145
-0.0023390711311850137,0.9761609909484634
-0.002298766103556501,0.9761473752656479
-0.0022584609945398627,0.9761340241107413
-0.002218155885523224,0.976120938039948
-0.0021778507765065854,0.9761080796035407
-0.0021375456674899472,0.9760954686945651
-0.0020972405584733086,0.9760831158843422
-0.0020569354494566704,0.976071019837171
-0.002016630340440032,0.9760591792513656
-0.0019763253128115194,0.9760475928820368
-0.0019360202037948808,0.9760362594477272
-0.0018957150947782424,0.9760251777705758
-0.001855409985761604,0.9760143466821168
-0.0018151048767449656,0.9760037650469588
-0.0017747997677283272,0.9759934317630017
-0.0017344946587116885,0.9759833457618985
-0.001694189631083176,0.9759735060295178
-0.0016538845220665376,0.9759639115283502
-0.0016135794130498992,0.9759545613189843
-0.0015732743040332607,0.9759454544838274
-0.0015329691950166223,0.9759365901534496
-0.001492664085999984,0.9759279675176212
-0.0014523589769833453,0.975919585846546
-0.0014120539493548327,0.9759114445534689
-0.0013717488403381943,0.9759035432557487
-0.001331443731321556,0.9758958824484182
-0.0012911386223049175,0.9758884350985086
-0.001250833513288279,0.9758812163919477
-0.0012105284042716405,0.9758742340384607
-0.001170223295255002,0.9758674873241354
-0.0011299182676264895,0.9758609755722283
-0.001089613158609851,0.9758546980907908
-0.0010493080495932127,0.975848654251321
-0.0010090029405765743,0.9758428434354603
-0.0009686978315599357,0.9758372650481603
-0.0009283927225432973,0.9758319185174741
-0.0008880876135266588,0.9758268032943586
-0.0008477825045100204,0.975821918852489
-0.0008074774768815077,0.9758172646972575
-0.0007671723678648693,0.9758128403284901
-0.0007268672588482309,0.9758086452966989
-0.0006865621498315925,0.9758046791649111
-0.0006462570408149541,0.975800941518206
-0.0006059519317983156,0.9757974319636515
-0.0005656468227816772,0.9757941501302672
-0.0005253417951531645,0.9757910956749631
-0.00048503668613652606,0.9757882682583631
-0.0004447315771198876,0.9757856675818883
-0.0004044264681032492,0.9757832933627485
-0.0003641213590866108,0.9757811453405087
-0.0003238162500699723,0.9757792248490326
-0.0002835111410533339,0.9757775350981832
-0.0002432061134248212,0.97577607234984
-0.0002029010044081828,0.975774835621085
-0.00016259589539154435,0.9757738240151984
-0.00012229078637490592,0.9757730366941431
-8.19856773582675e-05,0.9757724728812737
-4.168056834162907e-05,0.9757721318965947
-1.3754593249906394e-06,0.9757720132449383
3.892956830352205e-05,0.9757721167324643
7.923467732016048e-05,0.9757724425289718
0.0001195397863367989,0.9757729911126932
0.00015984489535343733,0.9757737631544212
0.00020015000437007577,0.975774759425869
0.0002404551133867142,0.9757759807611442
0.00028076022240335264,0.9757774280555185
0.0003210652500318653,0.9757791022765621
0.00036137035904850373,0.975781006968715
0.0004016754680651422,0.9757831395609422
0.0004419805770817806,0.9757854983331138
0.000482285686098419,0.9757880835441313
0.0005225907951150574,0.9757908954752655
0.0005628959041316959,0.9757939344299822
0.0006032010131483344,0.9757972007338194
0.000643506040776847,0.9758006947270211
0.0006838111497934854,0.9758044167931799
0.0007241162588101238,0.9758083673169035
0.0007644213678267623,0.97581254671161
0.0008047264768434008,0.9758169554127645
0.0008450315858600392,0.97582159387797
0.0008853366948766776,0.9758264625870819
0.0009256417225051903,0.9758315620318105
0.0009659468315218287,0.975836892757529
0.001006251940538467,0.9758424553016607
0.0010465570495551055,0.9758482502345834
0.001086862158571744,0.9758542781497616
0.0011271672675883823,0.9758605396639555
0.001167472376605021,0.9758670354174411
0.0012077774042335335,0.9758737660604109
0.001248082513250172,0.9758807323080554
0.0012883876222668103,0.9758879348592698
0.0013286927312834488,0.9758953684132935
0.0013689978403000872,0.9759030127086449
0.0014093029493167258,0.9759108976245685
0.0014496080583333642,0.9759190225455454
0.0014899130859618768,0.9759273877769142
0.0015302181949785152,0.9759359939437195
0.0015705233039951536,0.9759448417523711
0.001610828413011792,0.9759539320084507
0.0016511335220284306,0.9759632655777744
0.001691438631045069,0.9759728433748827
0.0017317437400617074,0.9759826663565817
0.0017720488490783459,0.9759927355181176
0.0018123538767068584,0.9760030518697568
0.0018526589857234968,0.9760136165191784
0.0018929640947401355,0.9760244305456162
0.0019332692037567739,0.9760354950821972
0.0019735743127734123,0.9760468112951337
0.0020138794217900505,0.9760583803836809
0.002054184530806689,0.9760702035802367
0.002094489558435202,0.976082282125897
0.00213479466745184,0.9760946173688185
0.0021750997764684787,0.9761072106182349
0.002215404885485117,0.976120054647064
0.0022557099945017555,0.9761331224763503
0.0022960151035183937,0.9761464555830413
0.0023363202125350323,0.9761600532179672
0.002376625240163545,0.9761739161015008
0.0024169303491801833,0.9761880454551002
0.002457235458196822,0.9762024426149898
0.00249754056721346,0.9762171090663205
0.0025378456762300988,0.9762320463811608
0.002578150785246737,0.9762472562012212
0.0026184558942633756,0.9762627402284493
0.0026587609218918884,0.976278500187587
0.0026990660309085266,0.9762945379509552
0.002739371139925165,0.9763108553458013
0.0027796762489418034,0.9763274542801683
0.002819981357958442,0.9763443367110509
0.0028602864669750806,0.9763615046444754
0.002900591575991719,0.9763789586957325
0.0029408966850083575,0.976396647703047
0.00298120171263687,0.9764146332310981
0.0030215068216535084,0.9764329138252762
0.0030618119306701466,0.9764514906563504
0.0031021170396867853,0.9764703655483152
0.003142422148703424,0.9764895406034614
0.003182727257720062,0.9765090180900785
0.0032230323667367007,0.9765288003948372
0.003263337394365213,0.976548889958876
0.0033036425033818517,0.9765692894287151
0.0033439476123984903,0.9765900014064552
0.0033842527214151285,0.9766110286080768
0.003424557830431767,0.9766323738216324
0.0034648629394484053,0.9766540399068208
0.003505168048465044,0.9766759808142356
0.0035454730760935563,0.9766982375966665
0.003585778185110195,0.9767208257612774
0.0036260832941268336,0.9767437468133097
0.0036663884031434718,0.9767670033227506
0.0037066935121601104,0.9767905982696625
0.0037469986211767486,0.9768145348670589
0.003787303730193387,0.976838816491291
0.0038276087578219,0.9768634466002559
0.003867913866838538,0.9768884289175616
0.003908218975855177,0.9769137671264982
0.0039485240848718154,0.9769394650648515
0.003988829193888453,0.9769654828112594
0.004029134302905092,0.9769918443869363
0.0040694394119217304,0.9770185795632312
0.004109744520938369,0.977045690444164
0.004150049548566881,0.9770731805448069
0.00419035465758352,0.9771010540936986
0.004230659766600159,0.9771293154582853
0.0042709648756167964,0.977157969276843
0.004311269984633435,0.9771870203649137
0.004351575093650074,0.9772164736978634
0.004391880202666712,0.977246324032907
0.004432185230295225,0.9772765191444678
0.004472490339311863,0.9773071369976862
0.004512795448328502,0.9773381782751918
0.00455310055734514,0.9773696474192279
0.004593405666361778,0.9774015498122951
0.004633710775378417,0.9774338912975209
0.004674015884395056,0.9774666780262921
0.004714320912023568,0.9774999163314191
0.0047546260210402065,0.977533609663299
0.004794931130056845,0.977567684972385
0.004835236239073483,0.9776022381453676
0.0048755413480901216,0.9776372700253827
0.00491584645710676,0.9776727866444243
0.004956151566123399,0.9777087952004675
0.004996456593751911,0.9777453033894671
0.00503676170276855,0.9777823195241502
0.005077066811785188,0.9778198405736255
0.005117371920801826,0.9778578063277708
0.005157677029818465,0.9778963104821675
0.005197982138835103,0.9779353565758583
0.005238287247851742,0.9779749529939042
0.005278592356868381,0.9780151093635987
0.005318897384496893,0.9780558358917952
0.005359202493513532,0.9780971257656577
0.005399507602530169,0.9781389278994457
0.005439812711546808,0.9781813366459248
0.005480117820563447,0.9782243584776527
0.005520422929580085,0.9782680047058708
0.005560728038596724,0.9783122880046081
0.005601033066225236,0.9783572168192647
0.005641338175241875,0.9784027092276916
0.005681643284258513,0.9784488849905681
0.005721948393275151,0.9784957515859802
0.00576225350229179,0.9785433236079719
0.0058025586113084286,0.9785916173732443
0.005842863720325067,0.9786405766643732
0.0058831687479535795,0.9786902582573248
0.005923473856970218,0.97874071250251
0.005963778965986856,0.9787919567991726
0.0060040840750034945,0.9788440115317902
0.006044389184020133,0.9788967972922958
0.006084694293036772,0.9789504237210401
0.00612499940205341,0.9790049234024168
0.006165304429681923,0.9790603201195703
0.006205609538698561,0.9791165657691973
0.0062459146477152,0.979173716520134
0.006286219756731838,0.9792318423358065
0.006326524865748476,0.9792909725738197
0.006366829974765115,0.9793510362097932
0.006407135083781754,0.9794121474210546
0.006447440111410266,0.9794743599240977
0.006487745220426905,0.9795376558394531
0.006528050329443543,0.9796020579973828
0.006568355438460181,0.9796676797461178
0.00660866054747682,0.9797345123827731
0.006648965656493458,0.9798025786685997
0.006689270765510097,0.9798720091013693
0.006729575874526735,0.9799427641809446
0.006769880902155248,0.9800149573711802
0.0068101860111718865,0.9800886601362497
0.006850491120188524,0.9801638738905338
0.006890796229205163,0.9802407750877924
0.0069311013382218015,0.9803193177712438
0.00697140644723844,0.9803997237174698
0.007011711556255078,0.9804819775647703
0.007052016583883591,0.9805662789821689
0.00709232169290023,0.9806527199811456
0.0071326268019168675,0.9807414265248113
0.007172931910933506,0.9808326073900887
0.007213237019950145,0.9809264463072875
0.007253542128966783,0.9810231660811807
0.007293847237983421,0.9811230475996973
0.007334152265611934,0.9812264497710731
0.007374457374628573,0.981333855539785
0.007414762483645211,0.9814459436169529
0.007455067592661849,0.9815637294940254
0.007495372701678488,0.9816895200943948
0.007535677810695127,0.9818604841489631
0.007575982919711764,0.9820713965932122
0.007616287947340278,0.9823072797520689
0.007656593056356916,0.9825627817187551
0.007696898165373554,0.982834465926577
0.007737203274390193,0.9831200547466388
0.007777508383406831,0.983417656888272
0.00781781349242347,0.9837257794684164
0.007858118601440109,0.9840432375821906
0.007898423710456747,0.9843688408728659
0.007938728738085259,0.9847017932749561
0.007979033847101897,0.9850410783554294
0.008019338956118536,0.9853861152842288
0.008059644065135175,0.985736021019754
0.008099949174151813,0.9860903232719433
0.008140254283168452,0.9864482697774358
0.00818055939218509,0.9868094323914997
0.008220864419813602,0.9871731749764461
0.00826116952883024,0.987539090865399
0.00830147463784688,0.987906632363911
0.008341779746863518,0.9882754164265177
0.008382084855880156,0.9886449435558149
0.008422389964896795,0.989014878674417
0.008462695073913434,0.9893847248356203
0.008503000101541945,0.9897542201625229
0.008543305210558584,0.9901228368710717
0.008583610319575222,0.990490397803472
0.008623915428591861,0.9908563350871381
0.0086642205376085,0.9912205306346318
0.008704525646625138,0.9915824206234002
0.008744830755641777,0.9919418595637818
0.008785135783270288,0.9922983744839661
0.008825440892286927,0.9926516830093024
0.008865746001303566,0.9930015698039477
0.008906051110320204,0.9933475280570513
0.008946356219336843,0.9936894132130355
0.008986661328353482,0.9940267970670831
0.00902696643737012,0.9943593489287414
0.009067271546386759,0.9946869035874528
0.00910757657401527,0.9950089561699048
0.009147881683031909,0.9953252350440411
0.009188186792048548,0.9956355105219814
0.009228491901065186,0.9959393567125197
0.009268797010081825,0.9962364124865071
0.009309102119098463,0.9965263647940451
0.009349407228115102,0.9968089250464379
0.009389712255743613,0.9970836391532095
0.009430017364760252,0.9973501144603399
0.00947032247377689,0.997607974188868
0.00951062758279353,0.9978568007458245
0.009550932691810168,0.9980961510610673
0.009591237800826807,0.998325555889509
0.009631542909843445,0.9985444968284085
0.009671847937471957,0.9987524157087456
0.009712153046488595,0.9989487071093718
0.009752458155505234,0.999132680200822
0.009792763264521873,0.9993035474082662
0.009833068373538511,0.9994603633901128
0.00987337348255515,0.9996021055447409
0.009913678591571789,0.999727338606476
0.0099539836192003,0.9998342995895945
0.009994288728216939,0.9999202365996754
0.010034593837233577,0.9999804495836546
0.010074898946250216,1.0
0.010115204055266854,1.0
0.010155509164283493,1.0
0.010195814273300132,1.0
0.010236119382316769,1.0
0.010276424409945282,1.0
0.01031672951896192,1.0
0.010357034627978559,1.0
0.010397339736995198,1.0
0.010437644846011836,1.0
0.010477949955028475,1.0
0.010518255064045112,1.0
0.010558560091673625,1.0
0.010598865200690264,1.0
0.010639170309706902,1.0
0.010679475418723541,1.0
0.01071978052774018,1.0
0.010760085636756818,1.0
0.010800390745773457,1.0
0.010840695773401968,1.0
0.010881000882418607,1.0
0.010921305991435246,1.0
0.010961611100451884,1.0
0.011001916209468523,1.0
0.011042221318485161,1.0
0.0110825264275018,1.0
0.011122831455130312,1.0
0.01116313656414695,1.0
0.011203441673163589,1.0
0.011243746782180227,1.0
0.011284051891196866,1.0
0.011324357000213505,1.0
0.011364662109230143,1.0
0.01140496721824678,1.0
0.011445272245875293,1.0
0.011485577354891932,1.0
0.01152588246390857,1.0
0.01156618757292521,1.0
0.011606492681941848,1.0
0.011646797790958487,1.0
0.011687102899975123,1.0
0.011727407927603637,1.0
0.011767713036620275,1.0
0.011808018145636914,1.0
0.011848323254653553,1.0
0.011888628363670191,1.0
0.01192893347268683,1.0
0.011969238581703467,1.0
0.01200954360933198,1.0
0.012049848718348619,1.0
0.012090153827365257,1.0
0.012130458936381896,1.0
0.012170764045398534,1.0
0.012211069154415173,1.0
0.01225137426343181,1.0
0.012291679291060323,1.0
0.012331984400076962,1.0
0.0123722895090936,1.0
0.012412594618110239,1.0
0.012452899727126878,1.0
0.012493204836143516,1.0
0.012533509945160153,1.0
0.012573815054176792,1.0
0.012614120081805305,1.0
0.012654425190821944,1.0
0.012694730299838582,1.0
0.012735035408855221,1.0
0.01277534051787186,1.0
0.012815645626888496,1.0
0.012855950735905135,1.0
0.012896255763533648,1.0
0.012936560872550287,1.0
0.012976865981566926,1.0
0.013017171090583564,1.0
0.013057476199600203,1.0
0.01309778130861684,1.0
0.013138086417633478,1.0
0.013178391445261992,1.0
0.01321869655427863,1.0
0.013259001663295269,1.0
0.013299306772311907,1.0
0.013339611881328546,1.0
0.013379916990345183,1.0
0.013420222099361822,1.0
0.013460527126990335,1.0
0.013500832236006973,1.0
0.013541137345023612,1.0
0.01358144245404025,1.0
0.01362174756305689,1.0
0.013662052672073526,1.0
0.013702357781090165,1.0
0.013742662808718678,1.0
0.013782967917735317,1.0
0.013823273026751955,1.0
0.013863578135768594,1.0
0.013903883244785233,1.0
0.013944188353801871,1.0
0.013984493462818508,1.0
0.014024798571835147,1.0
0.01406510359946366,1.0
0.014105408708480299,1.0
0.014145713817496937,1.0
0.014186018926513576,1.0
0.014226324035530214,1.0
0.014266629144546851,1.0
0.01430693425356349,1.0
0.014347239281192003,1.0
0.014387544390208642,1.0
0.01442784949922528,1.0
0.014468154608241919,1.0
0.014508459717258558,1.0
0.014548764826275195,1.0
0.014589069935291833,1.0
0.014629374962920346,1.0
0.014669680071936985,1.0
0.014709985180953624,1.0
0.014750290289970262,1.0
0.014790595398986901,1.0
0.014830900508003538,1.0
0.014871205617020176,1.0
0.01491151064464869,1.0
0.014951815753665328,1.0
0.014992120862681967,1.0
0.015032425971698606,1.0
0.015072731080715244,1.0
0.015113036189731881,1.0
0.01515334129874852,1.0
0.015193646407765158,1.0
0.015233951435393672,1.0
0.01527425654441031,1.0
0.015314561653426949,1.0
0.015354866762443587,1.0
0.015395171871460224,1.0
0.015435476980476863,1.0
0.015475782089493502,1.0
0.015516087117122015,1.0
0.015556392226138653,1.0
0.015596697335155292,1.0
0.01563700244417193,1.0
0.01567730755318857,1.0
0.015717612662205206,1.0
0.015757917771221847,1.0
0.015798222798850358,1.0
0.015838527907866995,1.0
0.015878833016883635,1.0
0.015919138125900272,1.0
0.015959443234916913,1.0
0.01599974834393355,1.0
0.01604005345295019,1.0
0.0160803584805787,1.0
0.016120663589595338,1.0
0.01616096869861198,1.0
0.016201273807628615,1.0
0.016241578916645256,1.0
0.016281884025661893,1.0
0.016322189134678533,1.0
0.01636249424369517,1.0
0.01640279927132368,1.0
0.016443104380340322,1.0
0.01648340948935696,1.0
0.0165237145983736,1.0
0.016564019707390236,1.0
0.016604324816406876,1.0
0.016644629925423513,1.0
0.016684934953052025,1.0
0.016725240062068665,1.0
0.016765545171085302,1.0
0.016805850280101942,1.0
0.01684615538911858,1.0
0.01688646049813522,1.0
0.016926765607151856,1.0
0.016967070634780368,1.0
0.01700737574379701,1.0
0.017047680852813645,1.0
0.017087985961830286,1.0
0.017128291070846922,1.0
0.017168596179863563,1.0
0.0172089012888802,1.0
0.01724920631650871,1.0
0.01728951142552535,1.0
0.01732981653454199,1.0
0.01737012164355863,1.0
0.017410426752575266,1.0
0.017450731861591906,1.0
0.017491036970608543,1.0
0.017531342079625183,1.0
0.017571647107253695,1.0
0.01761195221627033,1.0
0.017652257325286972,1.0
0.01769256243430361,1.0
0.01773286754332025,1.0
0.017773172652336886,1.0
0.017813477761353527,1.0
0.017853782788982038,1.0
0.017894087897998675,1.0
0.017934393007015315,1.0
0.017974698116031952,1.0
0.018015003225048593,1.0
0.01805530833406523,1.0
0.01809561344308187,1.0
0.01813591847071038,1.0
0.018176223579727018,1.0
0.01821652868874366,1.0
0.018256833797760295,1.0
0.018297138906776936,1.0
0.018337444015793573,1.0
0.018377749124810213,1.0
0.018418054152438725,1.0
0.01845835926145536,1.0
0.018498664370472002,1.0
0.01853896947948864,1.0
0.01857927458850528,1.0
0.018619579697521916,1.0
0.018659884806538556,1.0
0.018700189915555193,1.0
0.018740494943183705,1.0
0.018780800052200345,1.0
0.018821105161216982,1.0
0.018861410270233622,1.0
0.01890171537925026,1.0
0.0189420204882669,1.0
0.018982325597283536,1.0
0.019022630624912048,1.0
0.019062935733928688,1.0
0.019103240842945325,1.0
0.019143545951961966,1.0
0.019183851060978602,1.0
0.019224156169995243,1.0
0.01926446127901188,1.0
0.01930476630664039,1.0
0.01934507141565703,1.0
0.01938537652467367,1.0
0.01942568163369031,1.0
0.019465986742706946,1.0
0.019506291851723586,1.0
0.019546596960740223,1.0
0.019586901988368734,1.0
0.019627207097385375,1.0
0.01966751220640201,1.0
0.019707817315418652,1.0
0.01974812242443529,1.0
0.01978842753345193,1.0
0.019828732642468566,1.0
0.019869037670097078,1.0
0.019909342779113718,1.0
0.019949647888130355,1.0
0.019989952997146995,1.0
0.020030258106163632,1.0
0.020070563215180273,1.0
0.02011086832419691,1.0
0.020151173433213546,1.0
0.02019147846084206,1.0
0.020231783569858698,1.0
0.02027208867887534,1.0
0.020312393787891975,1.0
0.020352698896908616,1.0
0.020393004005925253,1.0
0.02043330911494189,1.0
0.020473614142570404,1.0
0.02051391925158704,1.0
0.020554224360603682,1.0
0.02059452946962032,1.0
0.02063483457863696,1.0
0.020675139687653596,1.0
0.020715444796670233,1.0
0.020755749824298748,1.0
0.020796054933315385,1.0
0.020836360042332025,1.0
0.020876665151348662,1.0
0.020916970260365302,1.0
0.02095727536938194,1.0
0.020997580478398576,1.0
0.02103788550602709,1.0
0.021078190615043728,1.0
0.021118495724060368,1.0
0.021158800833077005,1.0
0.021199105942093645,1.0
0.021239411051110282,1.0
0.02127971616012692,1.0
0.02132002126914356,1.0
0.02136032629677207,1.0
0.02140063140578871,1.0
0.02144093651480535,1.0
0.02148124162382199,1.0
0.021521546732838626,1.0
0.021561851841855263,1.0
0.021602156950871903,1.0
0.021642461978500414,1.0
0.021682767087517055,1.0
0.02172307219653369,1.0
0.021763377305550332,1.0
0.02180368241456697,1.0
0.021843987523583606,1.0
0.021884292632600246,1.0
0.021924597660228758,1.0
0.021964902769245398,1.0
0.022005207878262035,1.0
0.022045512987278675,1.0
0.022085818096295312,1.0
0.022126123205311952,1.0
0.02216642831432859,1.0
0.0222067333419571,1.0
0.02224703845097374,1.0
0.022287343559990378,1.0
0.02232764866900702,1.0
0.022367953778023655,1.0
0.022408258887040296,1.0
0.022448563996056933,1.0
0.02248886910507357,1.0
0.022529174132702084,1.0
0.02256947924171872,1.0
0.02260978435073536,1.0
0.022650089459752,1.0
0.02269039456876864,1.0
0.022730699677785276,1.0
0.022771004786801913,1.0
0.022811309814430428,1.0
0.022851614923447065,1.0
0.022891920032463705,1.0
0.022932225141480342,1.0
